,use_idf,max_df,tf-bias,num_epochs,recall@max_len,precision@10,distribution_diff,document_frequency
0,True,0.002,0.5,5,0.005583936358138747,0.03201778512700381,0.40895286811547643,0.025828023205346513
0,True,0.002,1.0,5,0.00556896611666744,0.031211294841761977,0.4228735084272858,0.02611241116438735
0,True,0.003,0.5,5,0.006318885692212417,0.034756134307105786,0.41833268579141786,0.0260131889948487
0,True,0.003,1.0,5,0.0066461039331809175,0.03587787423636948,0.41926934341847516,0.026146685781847256
0,True,0.004,0.5,5,0.007338822717939699,0.03932447016673556,0.41922615058858986,0.026096689038987906
0,True,0.004,1.0,5,0.007751836481750901,0.04118384701361137,0.42122210673998794,0.026157881943689437
