use_idf,max_df,tf-bias,use_hidden_layer,num_epochs,recall@max_len,precision@10,distribution_diff,document_frequency
True,1,0.5,True,5,0.0001467904199778766,0.0001491121051918124,0.3730413489616942,0.1444795790040294
True,1,0.5,False,5,0.0005227536384926422,0.002670462247526095,0.44251522836647944,0.08358733208060455
True,1,1.0,True,5,0.00039493612994047746,0.0018164565541548053,0.43287464021797434,0.1031383396446533
True,1,1.0,False,5,0.0005087111876019014,0.0024908499389995928,0.47115117764683556,0.08341841973550247
